AdvisoryID,Version,Severity,Description,AdvisoryURL,Link
NCSC-2025-0376,1.0.0,csaf_security_advisory,,,https://advisories.ncsc.nl/csaf/v2/2025/ncsc-2025-0376.json
NCSC-2025-0375,1.0.0,csaf_security_advisory,,,https://advisories.ncsc.nl/csaf/v2/2025/ncsc-2025-0375.json
NCSC-2025-0334,1.0.1,csaf_security_advisory,,,https://advisories.ncsc.nl/csaf/v2/2025/ncsc-2025-0334.json
NCSC-2025-0374,1.0.0,csaf_security_advisory,,,https://advisories.ncsc.nl/csaf/v2/2025/ncsc-2025-0374.json
NCSC-2025-0373,1.0.0,csaf_security_advisory,,,https://advisories.ncsc.nl/csaf/v2/2025/ncsc-2025-0373.json
NCSC-2025-0372,1.0.0,csaf_security_advisory,,,https://advisories.ncsc.nl/csaf/v2/2025/ncsc-2025-0372.json
NCSC-2025-0371,1.0.0,csaf_security_advisory,,,https://advisories.ncsc.nl/csaf/v2/2025/ncsc-2025-0371.json
NCSC-2025-0370,1.0.0,csaf_security_advisory,,,https://advisories.ncsc.nl/csaf/v2/2025/ncsc-2025-0370.json
NCSC-2025-0369,1.0.0,csaf_security_advisory,,,https://advisories.ncsc.nl/csaf/v2/2025/ncsc-2025-0369.json
NCSC-2025-0368,1.0.0,csaf_security_advisory,,,https://advisories.ncsc.nl/csaf/v2/2025/ncsc-2025-0368.json
NCSC-2025-0367,1.0.0,csaf_security_advisory,,,https://advisories.ncsc.nl/csaf/v2/2025/ncsc-2025-0367.json
NCSC-2025-0366,1.0.0,csaf_security_advisory,,,https://advisories.ncsc.nl/csaf/v2/2025/ncsc-2025-0366.json
NCSC-2025-0365,1.0.0,csaf_security_advisory,,,https://advisories.ncsc.nl/csaf/v2/2025/ncsc-2025-0365.json
NCSC-2025-0364,1.0.0,csaf_security_advisory,,,https://advisories.ncsc.nl/csaf/v2/2025/ncsc-2025-0364.json
NCSC-2025-0363,1.0.1,csaf_security_advisory,,,https://advisories.ncsc.nl/csaf/v2/2025/ncsc-2025-0363.json
NCSC-2025-0362,1.0.0,csaf_security_advisory,,,https://advisories.ncsc.nl/csaf/v2/2025/ncsc-2025-0362.json
NCSC-2025-0361,1.0.0,csaf_security_advisory,,,https://advisories.ncsc.nl/csaf/v2/2025/ncsc-2025-0361.json
NCSC-2025-0360,1.0.0,csaf_security_advisory,,,https://advisories.ncsc.nl/csaf/v2/2025/ncsc-2025-0360.json
NCSC-2025-0359,1.0.0,csaf_security_advisory,,,https://advisories.ncsc.nl/csaf/v2/2025/ncsc-2025-0359.json
NCSC-2025-0358,1.0.0,csaf_security_advisory,,,https://advisories.ncsc.nl/csaf/v2/2025/ncsc-2025-0358.json
NCSC-2025-0357,1.0.0,csaf_security_advisory,,,https://advisories.ncsc.nl/csaf/v2/2025/ncsc-2025-0357.json
NCSC-2025-0356,1.0.0,csaf_security_advisory,,,https://advisories.ncsc.nl/csaf/v2/2025/ncsc-2025-0356.json
NCSC-2025-0355,1.0.0,csaf_security_advisory,,,https://advisories.ncsc.nl/csaf/v2/2025/ncsc-2025-0355.json
NCSC-2025-0354,1.0.0,csaf_security_advisory,,,https://advisories.ncsc.nl/csaf/v2/2025/ncsc-2025-0354.json
NCSC-2025-0353,1.0.0,csaf_security_advisory,,,https://advisories.ncsc.nl/csaf/v2/2025/ncsc-2025-0353.json
NCSC-2025-0352,1.0.0,csaf_security_advisory,,,https://advisories.ncsc.nl/csaf/v2/2025/ncsc-2025-0352.json
NCSC-2025-0351,1.0.0,csaf_security_advisory,,,https://advisories.ncsc.nl/csaf/v2/2025/ncsc-2025-0351.json
NCSC-2025-0350,1.0.0,csaf_security_advisory,,,https://advisories.ncsc.nl/csaf/v2/2025/ncsc-2025-0350.json
NCSC-2025-0349,1.0.0,csaf_security_advisory,,,https://advisories.ncsc.nl/csaf/v2/2025/ncsc-2025-0349.json
NCSC-2025-0348,1.0.0,csaf_security_advisory,,,https://advisories.ncsc.nl/csaf/v2/2025/ncsc-2025-0348.json
NCSC-2025-0347,1.0.0,csaf_security_advisory,,,https://advisories.ncsc.nl/csaf/v2/2025/ncsc-2025-0347.json
NCSC-2025-0346,1.0.0,csaf_security_advisory,,,https://advisories.ncsc.nl/csaf/v2/2025/ncsc-2025-0346.json
NCSC-2025-0345,1.0.0,csaf_security_advisory,,,https://advisories.ncsc.nl/csaf/v2/2025/ncsc-2025-0345.json
NCSC-2025-0344,1.0.0,csaf_security_advisory,,,https://advisories.ncsc.nl/csaf/v2/2025/ncsc-2025-0344.json
NCSC-2025-0343,1.0.0,csaf_security_advisory,,,https://advisories.ncsc.nl/csaf/v2/2025/ncsc-2025-0343.json
NCSC-2025-0342,1.0.1,csaf_security_advisory,,,https://advisories.ncsc.nl/csaf/v2/2025/ncsc-2025-0342.json
NCSC-2025-0341,1.0.1,csaf_security_advisory,,,https://advisories.ncsc.nl/csaf/v2/2025/ncsc-2025-0341.json
NCSC-2025-0310,1.0.2,csaf_security_advisory,,,https://advisories.ncsc.nl/csaf/v2/2025/ncsc-2025-0310.json
NCSC-2025-0340,1.0.0,csaf_security_advisory,,,https://advisories.ncsc.nl/csaf/v2/2025/ncsc-2025-0340.json
NCSC-2025-0339,1.0.0,csaf_security_advisory,,,https://advisories.ncsc.nl/csaf/v2/2025/ncsc-2025-0339.json
NCSC-2025-0338,1.0.0,csaf_security_advisory,,,https://advisories.ncsc.nl/csaf/v2/2025/ncsc-2025-0338.json
NCSC-2025-0337,1.0.0,csaf_security_advisory,,,https://advisories.ncsc.nl/csaf/v2/2025/ncsc-2025-0337.json
NCSC-2025-0336,1.0.0,csaf_security_advisory,,,https://advisories.ncsc.nl/csaf/v2/2025/ncsc-2025-0336.json
NCSC-2025-0335,1.0.0,csaf_security_advisory,,,https://advisories.ncsc.nl/csaf/v2/2025/ncsc-2025-0335.json
NCSC-2025-0333,1.0.0,csaf_security_advisory,,,https://advisories.ncsc.nl/csaf/v2/2025/ncsc-2025-0333.json
NCSC-2025-0332,1.0.0,csaf_security_advisory,,,https://advisories.ncsc.nl/csaf/v2/2025/ncsc-2025-0332.json
NCSC-2025-0331,1.0.0,csaf_security_advisory,,,https://advisories.ncsc.nl/csaf/v2/2025/ncsc-2025-0331.json
NCSC-2025-0330,1.0.0,csaf_security_advisory,,,https://advisories.ncsc.nl/csaf/v2/2025/ncsc-2025-0330.json
NCSC-2025-0329,1.0.0,csaf_security_advisory,,,https://advisories.ncsc.nl/csaf/v2/2025/ncsc-2025-0329.json
NCSC-2025-0328,1.0.0,csaf_security_advisory,,,https://advisories.ncsc.nl/csaf/v2/2025/ncsc-2025-0328.json
NCSC-2025-0327,1.0.0,csaf_security_advisory,,,https://advisories.ncsc.nl/csaf/v2/2025/ncsc-2025-0327.json
NCSC-2025-0326,1.0.0,csaf_security_advisory,,,https://advisories.ncsc.nl/csaf/v2/2025/ncsc-2025-0326.json
NCSC-2025-0325,1.0.0,csaf_security_advisory,,,https://advisories.ncsc.nl/csaf/v2/2025/ncsc-2025-0325.json
NCSC-2025-0241,1.0.1,csaf_security_advisory,,,https://advisories.ncsc.nl/csaf/v2/2025/ncsc-2025-0241.json
NCSC-2025-0324,1.0.0,csaf_security_advisory,,,https://advisories.ncsc.nl/csaf/v2/2025/ncsc-2025-0324.json
NCSC-2025-0296,1.0.1,csaf_security_advisory,,,https://advisories.ncsc.nl/csaf/v2/2025/ncsc-2025-0296.json
NCSC-2025-0323,1.0.0,csaf_security_advisory,,,https://advisories.ncsc.nl/csaf/v2/2025/ncsc-2025-0323.json
NCSC-2025-0322,1.0.0,csaf_security_advisory,,,https://advisories.ncsc.nl/csaf/v2/2025/ncsc-2025-0322.json
NCSC-2025-0321,1.0.0,csaf_security_advisory,,,https://advisories.ncsc.nl/csaf/v2/2025/ncsc-2025-0321.json
NCSC-2025-0320,1.0.0,csaf_security_advisory,,,https://advisories.ncsc.nl/csaf/v2/2025/ncsc-2025-0320.json
NCSC-2025-0319,1.0.0,csaf_security_advisory,,,https://advisories.ncsc.nl/csaf/v2/2025/ncsc-2025-0319.json
NCSC-2025-0318,1.0.0,csaf_security_advisory,,,https://advisories.ncsc.nl/csaf/v2/2025/ncsc-2025-0318.json
NCSC-2025-0317,1.0.0,csaf_security_advisory,,,https://advisories.ncsc.nl/csaf/v2/2025/ncsc-2025-0317.json
NCSC-2025-0316,1.0.0,csaf_security_advisory,,,https://advisories.ncsc.nl/csaf/v2/2025/ncsc-2025-0316.json
NCSC-2025-0315,1.0.0,csaf_security_advisory,,,https://advisories.ncsc.nl/csaf/v2/2025/ncsc-2025-0315.json
NCSC-2025-0314,1.0.0,csaf_security_advisory,,,https://advisories.ncsc.nl/csaf/v2/2025/ncsc-2025-0314.json
NCSC-2025-0313,1.0.0,csaf_security_advisory,,,https://advisories.ncsc.nl/csaf/v2/2025/ncsc-2025-0313.json
NCSC-2025-0312,1.0.0,csaf_security_advisory,,,https://advisories.ncsc.nl/csaf/v2/2025/ncsc-2025-0312.json
NCSC-2025-0311,1.0.0,csaf_security_advisory,,,https://advisories.ncsc.nl/csaf/v2/2025/ncsc-2025-0311.json
NCSC-2025-0309,1.0.0,csaf_security_advisory,,,https://advisories.ncsc.nl/csaf/v2/2025/ncsc-2025-0309.json
NCSC-2025-0308,1.0.0,csaf_security_advisory,,,https://advisories.ncsc.nl/csaf/v2/2025/ncsc-2025-0308.json
NCSC-2025-0307,1.0.0,csaf_security_advisory,,,https://advisories.ncsc.nl/csaf/v2/2025/ncsc-2025-0307.json
NCSC-2025-0306,1.0.0,csaf_security_advisory,,,https://advisories.ncsc.nl/csaf/v2/2025/ncsc-2025-0306.json
NCSC-2025-0305,1.0.0,csaf_security_advisory,,,https://advisories.ncsc.nl/csaf/v2/2025/ncsc-2025-0305.json
NCSC-2025-0303,1.0.2,csaf_security_advisory,,,https://advisories.ncsc.nl/csaf/v2/2025/ncsc-2025-0303.json
NCSC-2025-0304,1.0.0,csaf_security_advisory,,,https://advisories.ncsc.nl/csaf/v2/2025/ncsc-2025-0304.json
NCSC-2025-0302,1.0.0,csaf_security_advisory,,,https://advisories.ncsc.nl/csaf/v2/2025/ncsc-2025-0302.json
NCSC-2025-0301,1.0.0,csaf_security_advisory,,,https://advisories.ncsc.nl/csaf/v2/2025/ncsc-2025-0301.json
NCSC-2025-0300,1.0.0,csaf_security_advisory,,,https://advisories.ncsc.nl/csaf/v2/2025/ncsc-2025-0300.json
NCSC-2025-0299,1.0.0,csaf_security_advisory,,,https://advisories.ncsc.nl/csaf/v2/2025/ncsc-2025-0299.json
NCSC-2025-0298,1.0.0,csaf_security_advisory,,,https://advisories.ncsc.nl/csaf/v2/2025/ncsc-2025-0298.json
NCSC-2025-0297,1.0.1,csaf_security_advisory,,,https://advisories.ncsc.nl/csaf/v2/2025/ncsc-2025-0297.json
NCSC-2025-0295,1.0.0,csaf_security_advisory,,,https://advisories.ncsc.nl/csaf/v2/2025/ncsc-2025-0295.json
NCSC-2025-0294,1.0.0,csaf_security_advisory,,,https://advisories.ncsc.nl/csaf/v2/2025/ncsc-2025-0294.json
NCSC-2025-0293,1.0.0,csaf_security_advisory,,,https://advisories.ncsc.nl/csaf/v2/2025/ncsc-2025-0293.json
NCSC-2025-0292,1.0.0,csaf_security_advisory,,,https://advisories.ncsc.nl/csaf/v2/2025/ncsc-2025-0292.json
NCSC-2025-0291,1.0.0,csaf_security_advisory,,,https://advisories.ncsc.nl/csaf/v2/2025/ncsc-2025-0291.json
NCSC-2025-0290,1.0.0,csaf_security_advisory,,,https://advisories.ncsc.nl/csaf/v2/2025/ncsc-2025-0290.json
NCSC-2025-0289,1.0.0,csaf_security_advisory,,,https://advisories.ncsc.nl/csaf/v2/2025/ncsc-2025-0289.json
NCSC-2025-0288,1.0.0,csaf_security_advisory,,,https://advisories.ncsc.nl/csaf/v2/2025/ncsc-2025-0288.json
NCSC-2025-0287,1.0.0,csaf_security_advisory,,,https://advisories.ncsc.nl/csaf/v2/2025/ncsc-2025-0287.json
NCSC-2025-0286,1.0.0,csaf_security_advisory,,,https://advisories.ncsc.nl/csaf/v2/2025/ncsc-2025-0286.json
NCSC-2025-0285,1.0.0,csaf_security_advisory,,,https://advisories.ncsc.nl/csaf/v2/2025/ncsc-2025-0285.json
NCSC-2025-0284,1.0.0,csaf_security_advisory,,,https://advisories.ncsc.nl/csaf/v2/2025/ncsc-2025-0284.json
NCSC-2025-0283,1.0.0,csaf_security_advisory,,,https://advisories.ncsc.nl/csaf/v2/2025/ncsc-2025-0283.json
NCSC-2025-0282,1.0.0,csaf_security_advisory,,,https://advisories.ncsc.nl/csaf/v2/2025/ncsc-2025-0282.json
NCSC-2025-0281,1.0.0,csaf_security_advisory,,,https://advisories.ncsc.nl/csaf/v2/2025/ncsc-2025-0281.json
NCSC-2025-0280,1.0.0,csaf_security_advisory,,,https://advisories.ncsc.nl/csaf/v2/2025/ncsc-2025-0280.json
NCSC-2025-0279,1.0.0,csaf_security_advisory,,,https://advisories.ncsc.nl/csaf/v2/2025/ncsc-2025-0279.json
NCSC-2025-0278,1.0.0,csaf_security_advisory,,,https://advisories.ncsc.nl/csaf/v2/2025/ncsc-2025-0278.json
NCSC-2025-0277,1.0.0,csaf_security_advisory,,,https://advisories.ncsc.nl/csaf/v2/2025/ncsc-2025-0277.json
NCSC-2025-0276,1.0.0,csaf_security_advisory,,,https://advisories.ncsc.nl/csaf/v2/2025/ncsc-2025-0276.json
NCSC-2025-0275,1.0.0,csaf_security_advisory,,,https://advisories.ncsc.nl/csaf/v2/2025/ncsc-2025-0275.json
NCSC-2025-0274,1.0.0,csaf_security_advisory,,,https://advisories.ncsc.nl/csaf/v2/2025/ncsc-2025-0274.json
NCSC-2025-0245,1.0.1,csaf_security_advisory,,,https://advisories.ncsc.nl/csaf/v2/2025/ncsc-2025-0245.json
NCSC-2025-0273,1.0.0,csaf_security_advisory,,,https://advisories.ncsc.nl/csaf/v2/2025/ncsc-2025-0273.json
NCSC-2025-0272,1.0.0,csaf_security_advisory,,,https://advisories.ncsc.nl/csaf/v2/2025/ncsc-2025-0272.json
NCSC-2025-0271,1.0.0,csaf_security_advisory,,,https://advisories.ncsc.nl/csaf/v2/2025/ncsc-2025-0271.json
NCSC-2025-0270,1.0.0,csaf_security_advisory,,,https://advisories.ncsc.nl/csaf/v2/2025/ncsc-2025-0270.json
NCSC-2025-0234,1.0.1,csaf_security_advisory,,,https://advisories.ncsc.nl/csaf/v2/2025/ncsc-2025-0234.json
NCSC-2025-0269,1.0.0,csaf_security_advisory,,,https://advisories.ncsc.nl/csaf/v2/2025/ncsc-2025-0269.json
NCSC-2025-0268,1.0.2,csaf_security_advisory,,,https://advisories.ncsc.nl/csaf/v2/2025/ncsc-2025-0268.json
NCSC-2025-0266,1.0.1,csaf_security_advisory,,,https://advisories.ncsc.nl/csaf/v2/2025/ncsc-2025-0266.json
NCSC-2025-0267,1.0.0,csaf_security_advisory,,,https://advisories.ncsc.nl/csaf/v2/2025/ncsc-2025-0267.json
NCSC-2025-0265,1.0.0,csaf_security_advisory,,,https://advisories.ncsc.nl/csaf/v2/2025/ncsc-2025-0265.json
NCSC-2025-0264,1.0.0,csaf_security_advisory,,,https://advisories.ncsc.nl/csaf/v2/2025/ncsc-2025-0264.json
NCSC-2025-0263,1.0.0,csaf_security_advisory,,,https://advisories.ncsc.nl/csaf/v2/2025/ncsc-2025-0263.json
NCSC-2025-0262,1.0.0,csaf_security_advisory,,,https://advisories.ncsc.nl/csaf/v2/2025/ncsc-2025-0262.json
NCSC-2025-0261,1.0.0,csaf_security_advisory,,,https://advisories.ncsc.nl/csaf/v2/2025/ncsc-2025-0261.json
NCSC-2025-0260,1.0.0,csaf_security_advisory,,,https://advisories.ncsc.nl/csaf/v2/2025/ncsc-2025-0260.json
NCSC-2025-0259,1.0.0,csaf_security_advisory,,,https://advisories.ncsc.nl/csaf/v2/2025/ncsc-2025-0259.json
NCSC-2025-0258,1.0.0,csaf_security_advisory,,,https://advisories.ncsc.nl/csaf/v2/2025/ncsc-2025-0258.json
NCSC-2025-0257,1.0.0,csaf_security_advisory,,,https://advisories.ncsc.nl/csaf/v2/2025/ncsc-2025-0257.json
NCSC-2025-0256,1.0.0,csaf_security_advisory,,,https://advisories.ncsc.nl/csaf/v2/2025/ncsc-2025-0256.json
NCSC-2025-0255,1.0.1,csaf_security_advisory,,,https://advisories.ncsc.nl/csaf/v2/2025/ncsc-2025-0255.json
NCSC-2025-0254,1.0.0,csaf_security_advisory,,,https://advisories.ncsc.nl/csaf/v2/2025/ncsc-2025-0254.json
NCSC-2025-0253,1.0.0,csaf_security_advisory,,,https://advisories.ncsc.nl/csaf/v2/2025/ncsc-2025-0253.json
NCSC-2025-0252,1.0.0,csaf_security_advisory,,,https://advisories.ncsc.nl/csaf/v2/2025/ncsc-2025-0252.json
NCSC-2025-0251,1.0.0,csaf_security_advisory,,,https://advisories.ncsc.nl/csaf/v2/2025/ncsc-2025-0251.json
NCSC-2025-0250,1.0.0,csaf_security_advisory,,,https://advisories.ncsc.nl/csaf/v2/2025/ncsc-2025-0250.json
NCSC-2025-0249,1.0.0,csaf_security_advisory,,,https://advisories.ncsc.nl/csaf/v2/2025/ncsc-2025-0249.json
NCSC-2025-0248,1.0.0,csaf_security_advisory,,,https://advisories.ncsc.nl/csaf/v2/2025/ncsc-2025-0248.json
NCSC-2025-0247,1.0.0,csaf_security_advisory,,,https://advisories.ncsc.nl/csaf/v2/2025/ncsc-2025-0247.json
NCSC-2025-0246,1.0.0,csaf_security_advisory,,,https://advisories.ncsc.nl/csaf/v2/2025/ncsc-2025-0246.json
NCSC-2025-0244,1.0.0,csaf_security_advisory,,,https://advisories.ncsc.nl/csaf/v2/2025/ncsc-2025-0244.json
NCSC-2025-0243,1.0.0,csaf_security_advisory,,,https://advisories.ncsc.nl/csaf/v2/2025/ncsc-2025-0243.json
NCSC-2025-0242,1.0.0,csaf_security_advisory,,,https://advisories.ncsc.nl/csaf/v2/2025/ncsc-2025-0242.json
NCSC-2025-0240,1.0.0,csaf_security_advisory,,,https://advisories.ncsc.nl/csaf/v2/2025/ncsc-2025-0240.json
NCSC-2025-0239,1.0.0,csaf_security_advisory,,,https://advisories.ncsc.nl/csaf/v2/2025/ncsc-2025-0239.json
NCSC-2025-0238,1.0.0,csaf_security_advisory,,,https://advisories.ncsc.nl/csaf/v2/2025/ncsc-2025-0238.json
NCSC-2025-0237,1.0.0,csaf_security_advisory,,,https://advisories.ncsc.nl/csaf/v2/2025/ncsc-2025-0237.json
NCSC-2025-0236,1.0.0,csaf_security_advisory,,,https://advisories.ncsc.nl/csaf/v2/2025/ncsc-2025-0236.json
NCSC-2025-0233,1.0.3,csaf_security_advisory,,,https://advisories.ncsc.nl/csaf/v2/2025/ncsc-2025-0233.json
NCSC-2025-0235,1.0.0,csaf_security_advisory,,,https://advisories.ncsc.nl/csaf/v2/2025/ncsc-2025-0235.json
NCSC-2025-0204,1.0.2,csaf_security_advisory,,,https://advisories.ncsc.nl/csaf/v2/2025/ncsc-2025-0204.json
NCSC-2025-0215,1.0.1,csaf_security_advisory,,,https://advisories.ncsc.nl/csaf/v2/2025/ncsc-2025-0215.json
NCSC-2025-0232,1.0.0,csaf_security_advisory,,,https://advisories.ncsc.nl/csaf/v2/2025/ncsc-2025-0232.json
NCSC-2025-0196,1.0.5,csaf_security_advisory,,,https://advisories.ncsc.nl/csaf/v2/2025/ncsc-2025-0196.json
NCSC-2025-0231,1.0.0,csaf_security_advisory,,,https://advisories.ncsc.nl/csaf/v2/2025/ncsc-2025-0231.json
NCSC-2025-0230,1.0.0,csaf_security_advisory,,,https://advisories.ncsc.nl/csaf/v2/2025/ncsc-2025-0230.json
NCSC-2025-0226,1.0.1,csaf_security_advisory,,,https://advisories.ncsc.nl/csaf/v2/2025/ncsc-2025-0226.json
NCSC-2025-0229,1.0.0,csaf_security_advisory,,,https://advisories.ncsc.nl/csaf/v2/2025/ncsc-2025-0229.json
NCSC-2025-0228,1.0.0,csaf_security_advisory,,,https://advisories.ncsc.nl/csaf/v2/2025/ncsc-2025-0228.json
NCSC-2025-0227,1.0.0,csaf_security_advisory,,,https://advisories.ncsc.nl/csaf/v2/2025/ncsc-2025-0227.json
NCSC-2025-0225,1.0.0,csaf_security_advisory,,,https://advisories.ncsc.nl/csaf/v2/2025/ncsc-2025-0225.json
NCSC-2025-0224,1.0.0,csaf_security_advisory,,,https://advisories.ncsc.nl/csaf/v2/2025/ncsc-2025-0224.json
NCSC-2025-0223,1.0.0,csaf_security_advisory,,,https://advisories.ncsc.nl/csaf/v2/2025/ncsc-2025-0223.json
NCSC-2025-0222,1.0.0,csaf_security_advisory,,,https://advisories.ncsc.nl/csaf/v2/2025/ncsc-2025-0222.json
NCSC-2025-0221,1.0.0,csaf_security_advisory,,,https://advisories.ncsc.nl/csaf/v2/2025/ncsc-2025-0221.json
NCSC-2025-0220,1.0.0,csaf_security_advisory,,,https://advisories.ncsc.nl/csaf/v2/2025/ncsc-2025-0220.json
NCSC-2025-0219,1.0.0,csaf_security_advisory,,,https://advisories.ncsc.nl/csaf/v2/2025/ncsc-2025-0219.json
NCSC-2025-0218,1.0.0,csaf_security_advisory,,,https://advisories.ncsc.nl/csaf/v2/2025/ncsc-2025-0218.json
NCSC-2025-0217,1.0.0,csaf_security_advisory,,,https://advisories.ncsc.nl/csaf/v2/2025/ncsc-2025-0217.json
NCSC-2025-0216,1.0.0,csaf_security_advisory,,,https://advisories.ncsc.nl/csaf/v2/2025/ncsc-2025-0216.json
NCSC-2025-0214,1.0.0,csaf_security_advisory,,,https://advisories.ncsc.nl/csaf/v2/2025/ncsc-2025-0214.json
NCSC-2025-0213,1.0.0,csaf_security_advisory,,,https://advisories.ncsc.nl/csaf/v2/2025/ncsc-2025-0213.json
NCSC-2025-0212,1.0.0,csaf_security_advisory,,,https://advisories.ncsc.nl/csaf/v2/2025/ncsc-2025-0212.json
NCSC-2025-0211,1.0.0,csaf_security_advisory,,,https://advisories.ncsc.nl/csaf/v2/2025/ncsc-2025-0211.json
NCSC-2025-0210,1.0.0,csaf_security_advisory,,,https://advisories.ncsc.nl/csaf/v2/2025/ncsc-2025-0210.json
NCSC-2025-0209,1.0.0,csaf_security_advisory,,,https://advisories.ncsc.nl/csaf/v2/2025/ncsc-2025-0209.json
NCSC-2025-0208,1.0.0,csaf_security_advisory,,,https://advisories.ncsc.nl/csaf/v2/2025/ncsc-2025-0208.json
NCSC-2025-0207,1.0.0,csaf_security_advisory,,,https://advisories.ncsc.nl/csaf/v2/2025/ncsc-2025-0207.json
NCSC-2025-0206,1.0.0,csaf_security_advisory,,,https://advisories.ncsc.nl/csaf/v2/2025/ncsc-2025-0206.json
NCSC-2025-0205,1.0.0,csaf_security_advisory,,,https://advisories.ncsc.nl/csaf/v2/2025/ncsc-2025-0205.json
NCSC-2025-0203,1.0.0,csaf_security_advisory,,,https://advisories.ncsc.nl/csaf/v2/2025/ncsc-2025-0203.json
NCSC-2025-0202,1.0.0,csaf_security_advisory,,,https://advisories.ncsc.nl/csaf/v2/2025/ncsc-2025-0202.json
NCSC-2025-0201,1.0.0,csaf_security_advisory,,,https://advisories.ncsc.nl/csaf/v2/2025/ncsc-2025-0201.json
NCSC-2025-0200,1.0.0,csaf_security_advisory,,,https://advisories.ncsc.nl/csaf/v2/2025/ncsc-2025-0200.json
NCSC-2025-0199,1.0.0,csaf_security_advisory,,,https://advisories.ncsc.nl/csaf/v2/2025/ncsc-2025-0199.json
NCSC-2025-0198,1.0.0,csaf_security_advisory,,,https://advisories.ncsc.nl/csaf/v2/2025/ncsc-2025-0198.json
NCSC-2025-0197,1.0.0,csaf_security_advisory,,,https://advisories.ncsc.nl/csaf/v2/2025/ncsc-2025-0197.json
NCSC-2025-0195,1.0.0,csaf_security_advisory,,,https://advisories.ncsc.nl/csaf/v2/2025/ncsc-2025-0195.json
NCSC-2025-0194,1.0.0,csaf_security_advisory,,,https://advisories.ncsc.nl/csaf/v2/2025/ncsc-2025-0194.json
NCSC-2025-0193,1.0.0,csaf_security_advisory,,,https://advisories.ncsc.nl/csaf/v2/2025/ncsc-2025-0193.json
NCSC-2025-0192,1.0.0,csaf_security_advisory,,,https://advisories.ncsc.nl/csaf/v2/2025/ncsc-2025-0192.json
NCSC-2025-0191,1.0.0,csaf_security_advisory,,,https://advisories.ncsc.nl/csaf/v2/2025/ncsc-2025-0191.json
NCSC-2025-0190,1.0.0,csaf_security_advisory,,,https://advisories.ncsc.nl/csaf/v2/2025/ncsc-2025-0190.json
NCSC-2025-0189,1.0.0,csaf_security_advisory,,,https://advisories.ncsc.nl/csaf/v2/2025/ncsc-2025-0189.json
NCSC-2025-0182,1.0.1,csaf_security_advisory,,,https://advisories.ncsc.nl/csaf/v2/2025/ncsc-2025-0182.json
NCSC-2025-0188,1.0.0,csaf_security_advisory,,,https://advisories.ncsc.nl/csaf/v2/2025/ncsc-2025-0188.json
NCSC-2025-0187,1.0.0,csaf_security_advisory,,,https://advisories.ncsc.nl/csaf/v2/2025/ncsc-2025-0187.json
NCSC-2025-0186,1.0.0,csaf_security_advisory,,,https://advisories.ncsc.nl/csaf/v2/2025/ncsc-2025-0186.json
NCSC-2025-0185,1.0.0,csaf_security_advisory,,,https://advisories.ncsc.nl/csaf/v2/2025/ncsc-2025-0185.json
NCSC-2025-0181,1.0.2,csaf_security_advisory,,,https://advisories.ncsc.nl/csaf/v2/2025/ncsc-2025-0181.json
NCSC-2025-0184,1.0.0,csaf_security_advisory,,,https://advisories.ncsc.nl/csaf/v2/2025/ncsc-2025-0184.json
NCSC-2025-0183,1.0.0,csaf_security_advisory,,,https://advisories.ncsc.nl/csaf/v2/2025/ncsc-2025-0183.json
NCSC-2025-0180,1.0.0,csaf_security_advisory,,,https://advisories.ncsc.nl/csaf/v2/2025/ncsc-2025-0180.json
NCSC-2025-0179,1.0.0,csaf_security_advisory,,,https://advisories.ncsc.nl/csaf/v2/2025/ncsc-2025-0179.json
NCSC-2025-0178,1.0.0,csaf_security_advisory,,,https://advisories.ncsc.nl/csaf/v2/2025/ncsc-2025-0178.json
NCSC-2025-0177,1.0.0,csaf_security_advisory,,,https://advisories.ncsc.nl/csaf/v2/2025/ncsc-2025-0177.json
NCSC-2025-0176,1.0.0,csaf_security_advisory,,,https://advisories.ncsc.nl/csaf/v2/2025/ncsc-2025-0176.json
NCSC-2025-0175,1.0.0,csaf_security_advisory,,,https://advisories.ncsc.nl/csaf/v2/2025/ncsc-2025-0175.json
NCSC-2025-0174,1.0.0,csaf_security_advisory,,,https://advisories.ncsc.nl/csaf/v2/2025/ncsc-2025-0174.json
NCSC-2025-0173,1.0.0,csaf_security_advisory,,,https://advisories.ncsc.nl/csaf/v2/2025/ncsc-2025-0173.json
NCSC-2025-0172,1.0.0,csaf_security_advisory,,,https://advisories.ncsc.nl/csaf/v2/2025/ncsc-2025-0172.json
NCSC-2025-0171,1.0.0,csaf_security_advisory,,,https://advisories.ncsc.nl/csaf/v2/2025/ncsc-2025-0171.json
NCSC-2025-0170,1.0.0,csaf_security_advisory,,,https://advisories.ncsc.nl/csaf/v2/2025/ncsc-2025-0170.json
NCSC-2025-0169,1.0.0,csaf_security_advisory,,,https://advisories.ncsc.nl/csaf/v2/2025/ncsc-2025-0169.json
NCSC-2025-0152,1.0.1,csaf_security_advisory,,,https://advisories.ncsc.nl/csaf/v2/2025/ncsc-2025-0152.json
NCSC-2025-0168,1.0.0,csaf_security_advisory,,,https://advisories.ncsc.nl/csaf/v2/2025/ncsc-2025-0168.json
NCSC-2025-0167,1.0.0,csaf_security_advisory,,,https://advisories.ncsc.nl/csaf/v2/2025/ncsc-2025-0167.json
NCSC-2025-0166,1.0.0,csaf_security_advisory,,,https://advisories.ncsc.nl/csaf/v2/2025/ncsc-2025-0166.json
NCSC-2025-0165,1.0.0,csaf_security_advisory,,,https://advisories.ncsc.nl/csaf/v2/2025/ncsc-2025-0165.json
NCSC-2025-0164,1.0.0,csaf_security_advisory,,,https://advisories.ncsc.nl/csaf/v2/2025/ncsc-2025-0164.json
NCSC-2025-0163,1.0.0,csaf_security_advisory,,,https://advisories.ncsc.nl/csaf/v2/2025/ncsc-2025-0163.json
NCSC-2025-0162,1.0.0,csaf_security_advisory,,,https://advisories.ncsc.nl/csaf/v2/2025/ncsc-2025-0162.json
NCSC-2025-0161,1.0.0,csaf_security_advisory,,,https://advisories.ncsc.nl/csaf/v2/2025/ncsc-2025-0161.json
NCSC-2025-0160,1.0.0,csaf_security_advisory,,,https://advisories.ncsc.nl/csaf/v2/2025/ncsc-2025-0160.json
NCSC-2025-0159,1.0.0,csaf_security_advisory,,,https://advisories.ncsc.nl/csaf/v2/2025/ncsc-2025-0159.json
NCSC-2025-0158,1.0.0,csaf_security_advisory,,,https://advisories.ncsc.nl/csaf/v2/2025/ncsc-2025-0158.json
NCSC-2025-0157,1.0.0,csaf_security_advisory,,,https://advisories.ncsc.nl/csaf/v2/2025/ncsc-2025-0157.json
NCSC-2025-0156,1.0.0,csaf_security_advisory,,,https://advisories.ncsc.nl/csaf/v2/2025/ncsc-2025-0156.json
NCSC-2025-0155,1.0.0,csaf_security_advisory,,,https://advisories.ncsc.nl/csaf/v2/2025/ncsc-2025-0155.json
NCSC-2025-0154,1.0.0,csaf_security_advisory,,,https://advisories.ncsc.nl/csaf/v2/2025/ncsc-2025-0154.json
NCSC-2025-0153,1.0.0,csaf_security_advisory,,,https://advisories.ncsc.nl/csaf/v2/2025/ncsc-2025-0153.json
NCSC-2025-0151,1.0.0,csaf_security_advisory,,,https://advisories.ncsc.nl/csaf/v2/2025/ncsc-2025-0151.json
NCSC-2025-0150,1.0.0,csaf_security_advisory,,,https://advisories.ncsc.nl/csaf/v2/2025/ncsc-2025-0150.json
NCSC-2025-0149,1.0.0,csaf_security_advisory,,,https://advisories.ncsc.nl/csaf/v2/2025/ncsc-2025-0149.json
NCSC-2025-0148,1.0.0,csaf_security_advisory,,,https://advisories.ncsc.nl/csaf/v2/2025/ncsc-2025-0148.json
NCSC-2025-0147,1.0.0,csaf_security_advisory,,,https://advisories.ncsc.nl/csaf/v2/2025/ncsc-2025-0147.json
NCSC-2025-0146,1.0.0,csaf_security_advisory,,,https://advisories.ncsc.nl/csaf/v2/2025/ncsc-2025-0146.json
NCSC-2025-0145,1.0.0,csaf_security_advisory,,,https://advisories.ncsc.nl/csaf/v2/2025/ncsc-2025-0145.json
NCSC-2025-0144,1.0.0,csaf_security_advisory,,,https://advisories.ncsc.nl/csaf/v2/2025/ncsc-2025-0144.json
NCSC-2025-0143,1.0.0,csaf_security_advisory,,,https://advisories.ncsc.nl/csaf/v2/2025/ncsc-2025-0143.json
NCSC-2025-0142,1.0.0,csaf_security_advisory,,,https://advisories.ncsc.nl/csaf/v2/2025/ncsc-2025-0142.json
NCSC-2025-0141,1.0.0,csaf_security_advisory,,,https://advisories.ncsc.nl/csaf/v2/2025/ncsc-2025-0141.json
NCSC-2025-0138,1.0.1,csaf_security_advisory,,,https://advisories.ncsc.nl/csaf/v2/2025/ncsc-2025-0138.json
NCSC-2025-0119,1.0.3,csaf_security_advisory,,,https://advisories.ncsc.nl/csaf/v2/2025/ncsc-2025-0119.json
NCSC-2025-0140,1.0.0,csaf_security_advisory,,,https://advisories.ncsc.nl/csaf/v2/2025/ncsc-2025-0140.json
NCSC-2025-0139,1.0.0,csaf_security_advisory,,,https://advisories.ncsc.nl/csaf/v2/2025/ncsc-2025-0139.json
NCSC-2025-0137,1.0.0,csaf_security_advisory,,,https://advisories.ncsc.nl/csaf/v2/2025/ncsc-2025-0137.json
NCSC-2025-0136,1.0.0,csaf_security_advisory,,,https://advisories.ncsc.nl/csaf/v2/2025/ncsc-2025-0136.json
NCSC-2025-0135,1.0.0,csaf_security_advisory,,,https://advisories.ncsc.nl/csaf/v2/2025/ncsc-2025-0135.json
NCSC-2025-0134,1.0.0,csaf_security_advisory,,,https://advisories.ncsc.nl/csaf/v2/2025/ncsc-2025-0134.json
NCSC-2025-0133,1.0.0,csaf_security_advisory,,,https://advisories.ncsc.nl/csaf/v2/2025/ncsc-2025-0133.json
NCSC-2025-0132,1.0.0,csaf_security_advisory,,,https://advisories.ncsc.nl/csaf/v2/2025/ncsc-2025-0132.json
NCSC-2025-0131,1.0.0,csaf_security_advisory,,,https://advisories.ncsc.nl/csaf/v2/2025/ncsc-2025-0131.json
NCSC-2025-0130,1.0.0,csaf_security_advisory,,,https://advisories.ncsc.nl/csaf/v2/2025/ncsc-2025-0130.json
NCSC-2025-0129,1.0.0,csaf_security_advisory,,,https://advisories.ncsc.nl/csaf/v2/2025/ncsc-2025-0129.json
NCSC-2025-0128,1.0.0,csaf_security_advisory,,,https://advisories.ncsc.nl/csaf/v2/2025/ncsc-2025-0128.json
NCSC-2025-0127,1.0.0,csaf_security_advisory,,,https://advisories.ncsc.nl/csaf/v2/2025/ncsc-2025-0127.json
NCSC-2025-0126,1.0.0,csaf_security_advisory,,,https://advisories.ncsc.nl/csaf/v2/2025/ncsc-2025-0126.json
NCSC-2025-0125,1.0.0,csaf_security_advisory,,,https://advisories.ncsc.nl/csaf/v2/2025/ncsc-2025-0125.json
NCSC-2025-0124,1.0.0,csaf_security_advisory,,,https://advisories.ncsc.nl/csaf/v2/2025/ncsc-2025-0124.json
NCSC-2025-0123,1.0.0,csaf_security_advisory,,,https://advisories.ncsc.nl/csaf/v2/2025/ncsc-2025-0123.json
NCSC-2025-0122,1.0.0,csaf_security_advisory,,,https://advisories.ncsc.nl/csaf/v2/2025/ncsc-2025-0122.json
NCSC-2025-0121,1.0.0,csaf_security_advisory,,,https://advisories.ncsc.nl/csaf/v2/2025/ncsc-2025-0121.json
NCSC-2025-0120,1.0.0,csaf_security_advisory,,,https://advisories.ncsc.nl/csaf/v2/2025/ncsc-2025-0120.json
NCSC-2025-0118,1.0.0,csaf_security_advisory,,,https://advisories.ncsc.nl/csaf/v2/2025/ncsc-2025-0118.json
NCSC-2025-0117,1.0.0,csaf_security_advisory,,,https://advisories.ncsc.nl/csaf/v2/2025/ncsc-2025-0117.json
NCSC-2025-0116,1.0.0,csaf_security_advisory,,,https://advisories.ncsc.nl/csaf/v2/2025/ncsc-2025-0116.json
NCSC-2025-0115,1.0.0,csaf_security_advisory,,,https://advisories.ncsc.nl/csaf/v2/2025/ncsc-2025-0115.json
NCSC-2025-0114,1.0.0,csaf_security_advisory,,,https://advisories.ncsc.nl/csaf/v2/2025/ncsc-2025-0114.json
NCSC-2025-0113,1.0.0,csaf_security_advisory,,,https://advisories.ncsc.nl/csaf/v2/2025/ncsc-2025-0113.json
NCSC-2025-0112,1.0.0,csaf_security_advisory,,,https://advisories.ncsc.nl/csaf/v2/2025/ncsc-2025-0112.json
NCSC-2025-0111,1.0.0,csaf_security_advisory,,,https://advisories.ncsc.nl/csaf/v2/2025/ncsc-2025-0111.json
NCSC-2025-0110,1.0.0,csaf_security_advisory,,,https://advisories.ncsc.nl/csaf/v2/2025/ncsc-2025-0110.json
NCSC-2025-0109,1.0.0,csaf_security_advisory,,,https://advisories.ncsc.nl/csaf/v2/2025/ncsc-2025-0109.json
NCSC-2025-0108,1.0.0,csaf_security_advisory,,,https://advisories.ncsc.nl/csaf/v2/2025/ncsc-2025-0108.json
NCSC-2025-0107,1.0.0,csaf_security_advisory,,,https://advisories.ncsc.nl/csaf/v2/2025/ncsc-2025-0107.json
NCSC-2025-0106,1.0.0,csaf_security_advisory,,,https://advisories.ncsc.nl/csaf/v2/2025/ncsc-2025-0106.json
NCSC-2025-0101,1.0.1,csaf_security_advisory,,,https://advisories.ncsc.nl/csaf/v2/2025/ncsc-2025-0101.json
NCSC-2025-0105,1.0.0,csaf_security_advisory,,,https://advisories.ncsc.nl/csaf/v2/2025/ncsc-2025-0105.json
NCSC-2025-0104,1.0.0,csaf_security_advisory,,,https://advisories.ncsc.nl/csaf/v2/2025/ncsc-2025-0104.json
NCSC-2025-0103,1.0.0,csaf_security_advisory,,,https://advisories.ncsc.nl/csaf/v2/2025/ncsc-2025-0103.json
NCSC-2025-0102,1.0.0,csaf_security_advisory,,,https://advisories.ncsc.nl/csaf/v2/2025/ncsc-2025-0102.json
NCSC-2025-0100,1.0.0,csaf_security_advisory,,,https://advisories.ncsc.nl/csaf/v2/2025/ncsc-2025-0100.json
NCSC-2025-0095,1.0.1,csaf_security_advisory,,,https://advisories.ncsc.nl/csaf/v2/2025/ncsc-2025-0095.json
NCSC-2025-0099,1.0.0,csaf_security_advisory,,,https://advisories.ncsc.nl/csaf/v2/2025/ncsc-2025-0099.json
NCSC-2025-0098,1.0.0,csaf_security_advisory,,,https://advisories.ncsc.nl/csaf/v2/2025/ncsc-2025-0098.json
NCSC-2025-0097,1.0.0,csaf_security_advisory,,,https://advisories.ncsc.nl/csaf/v2/2025/ncsc-2025-0097.json
NCSC-2025-0096,1.0.0,csaf_security_advisory,,,https://advisories.ncsc.nl/csaf/v2/2025/ncsc-2025-0096.json
NCSC-2025-0094,1.0.0,csaf_security_advisory,,,https://advisories.ncsc.nl/csaf/v2/2025/ncsc-2025-0094.json
NCSC-2025-0093,1.0.0,csaf_security_advisory,,,https://advisories.ncsc.nl/csaf/v2/2025/ncsc-2025-0093.json
NCSC-2025-0092,1.0.0,csaf_security_advisory,,,https://advisories.ncsc.nl/csaf/v2/2025/ncsc-2025-0092.json
NCSC-2025-0091,1.0.0,csaf_security_advisory,,,https://advisories.ncsc.nl/csaf/v2/2025/ncsc-2025-0091.json
NCSC-2025-0090,1.0.0,csaf_security_advisory,,,https://advisories.ncsc.nl/csaf/v2/2025/ncsc-2025-0090.json
NCSC-2025-0089,1.0.0,csaf_security_advisory,,,https://advisories.ncsc.nl/csaf/v2/2025/ncsc-2025-0089.json
NCSC-2025-0088,1.0.0,csaf_security_advisory,,,https://advisories.ncsc.nl/csaf/v2/2025/ncsc-2025-0088.json
NCSC-2025-0087,1.0.0,csaf_security_advisory,,,https://advisories.ncsc.nl/csaf/v2/2025/ncsc-2025-0087.json
NCSC-2025-0086,1.0.0,csaf_security_advisory,,,https://advisories.ncsc.nl/csaf/v2/2025/ncsc-2025-0086.json
NCSC-2025-0085,1.0.0,csaf_security_advisory,,,https://advisories.ncsc.nl/csaf/v2/2025/ncsc-2025-0085.json
NCSC-2025-0084,1.0.0,csaf_security_advisory,,,https://advisories.ncsc.nl/csaf/v2/2025/ncsc-2025-0084.json
NCSC-2025-0083,1.0.0,csaf_security_advisory,,,https://advisories.ncsc.nl/csaf/v2/2025/ncsc-2025-0083.json
NCSC-2025-0082,1.0.0,csaf_security_advisory,,,https://advisories.ncsc.nl/csaf/v2/2025/ncsc-2025-0082.json
NCSC-2025-0081,1.0.0,csaf_security_advisory,,,https://advisories.ncsc.nl/csaf/v2/2025/ncsc-2025-0081.json
NCSC-2025-0080,1.0.0,csaf_security_advisory,,,https://advisories.ncsc.nl/csaf/v2/2025/ncsc-2025-0080.json
NCSC-2025-0079,1.0.0,csaf_security_advisory,,,https://advisories.ncsc.nl/csaf/v2/2025/ncsc-2025-0079.json
NCSC-2025-0078,1.0.0,csaf_security_advisory,,,https://advisories.ncsc.nl/csaf/v2/2025/ncsc-2025-0078.json
NCSC-2025-0077,1.0.0,csaf_security_advisory,,,https://advisories.ncsc.nl/csaf/v2/2025/ncsc-2025-0077.json
NCSC-2025-0076,1.0.0,csaf_security_advisory,,,https://advisories.ncsc.nl/csaf/v2/2025/ncsc-2025-0076.json
NCSC-2025-0075,1.0.0,csaf_security_advisory,,,https://advisories.ncsc.nl/csaf/v2/2025/ncsc-2025-0075.json
NCSC-2025-0074,1.0.0,csaf_security_advisory,,,https://advisories.ncsc.nl/csaf/v2/2025/ncsc-2025-0074.json
NCSC-2025-0073,1.0.0,csaf_security_advisory,,,https://advisories.ncsc.nl/csaf/v2/2025/ncsc-2025-0073.json
NCSC-2025-0072,1.0.0,csaf_security_advisory,,,https://advisories.ncsc.nl/csaf/v2/2025/ncsc-2025-0072.json
NCSC-2025-0071,1.0.0,csaf_security_advisory,,,https://advisories.ncsc.nl/csaf/v2/2025/ncsc-2025-0071.json
NCSC-2025-0070,1.0.0,csaf_security_advisory,,,https://advisories.ncsc.nl/csaf/v2/2025/ncsc-2025-0070.json
NCSC-2025-0069,1.0.0,csaf_security_advisory,,,https://advisories.ncsc.nl/csaf/v2/2025/ncsc-2025-0069.json
NCSC-2025-0068,1.0.0,csaf_security_advisory,,,https://advisories.ncsc.nl/csaf/v2/2025/ncsc-2025-0068.json
NCSC-2025-0067,1.0.0,csaf_security_advisory,,,https://advisories.ncsc.nl/csaf/v2/2025/ncsc-2025-0067.json
NCSC-2025-0066,1.0.0,csaf_security_advisory,,,https://advisories.ncsc.nl/csaf/v2/2025/ncsc-2025-0066.json
NCSC-2025-0065,1.0.0,csaf_security_advisory,,,https://advisories.ncsc.nl/csaf/v2/2025/ncsc-2025-0065.json
NCSC-2025-0064,1.0.0,csaf_security_advisory,,,https://advisories.ncsc.nl/csaf/v2/2025/ncsc-2025-0064.json
NCSC-2025-0058,1.0.2,csaf_security_advisory,,,https://advisories.ncsc.nl/csaf/v2/2025/ncsc-2025-0058.json
NCSC-2025-0063,1.0.0,csaf_security_advisory,,,https://advisories.ncsc.nl/csaf/v2/2025/ncsc-2025-0063.json
NCSC-2025-0062,1.0.0,csaf_security_advisory,,,https://advisories.ncsc.nl/csaf/v2/2025/ncsc-2025-0062.json
NCSC-2025-0053,1.0.1,csaf_security_advisory,,,https://advisories.ncsc.nl/csaf/v2/2025/ncsc-2025-0053.json
NCSC-2025-0004,1.0.2,csaf_security_advisory,,,https://advisories.ncsc.nl/csaf/v2/2025/ncsc-2025-0004.json
NCSC-2025-0061,1.0.0,csaf_security_advisory,,,https://advisories.ncsc.nl/csaf/v2/2025/ncsc-2025-0061.json
NCSC-2025-0060,1.0.0,csaf_security_advisory,,,https://advisories.ncsc.nl/csaf/v2/2025/ncsc-2025-0060.json
NCSC-2025-0059,1.0.0,csaf_security_advisory,,,https://advisories.ncsc.nl/csaf/v2/2025/ncsc-2025-0059.json
NCSC-2025-0057,1.0.0,csaf_security_advisory,,,https://advisories.ncsc.nl/csaf/v2/2025/ncsc-2025-0057.json
NCSC-2025-0056,1.0.0,csaf_security_advisory,,,https://advisories.ncsc.nl/csaf/v2/2025/ncsc-2025-0056.json
NCSC-2025-0055,1.0.0,csaf_security_advisory,,,https://advisories.ncsc.nl/csaf/v2/2025/ncsc-2025-0055.json
NCSC-2025-0054,1.0.0,csaf_security_advisory,,,https://advisories.ncsc.nl/csaf/v2/2025/ncsc-2025-0054.json
NCSC-2025-0052,1.0.0,csaf_security_advisory,,,https://advisories.ncsc.nl/csaf/v2/2025/ncsc-2025-0052.json
NCSC-2025-0051,1.0.0,csaf_security_advisory,,,https://advisories.ncsc.nl/csaf/v2/2025/ncsc-2025-0051.json
NCSC-2025-0050,1.0.0,csaf_security_advisory,,,https://advisories.ncsc.nl/csaf/v2/2025/ncsc-2025-0050.json
NCSC-2025-0049,1.0.0,csaf_security_advisory,,,https://advisories.ncsc.nl/csaf/v2/2025/ncsc-2025-0049.json
NCSC-2025-0048,1.0.0,csaf_security_advisory,,,https://advisories.ncsc.nl/csaf/v2/2025/ncsc-2025-0048.json
NCSC-2025-0047,1.0.0,csaf_security_advisory,,,https://advisories.ncsc.nl/csaf/v2/2025/ncsc-2025-0047.json
NCSC-2025-0046,1.0.0,csaf_security_advisory,,,https://advisories.ncsc.nl/csaf/v2/2025/ncsc-2025-0046.json
NCSC-2025-0045,1.0.0,csaf_security_advisory,,,https://advisories.ncsc.nl/csaf/v2/2025/ncsc-2025-0045.json
NCSC-2025-0043,1.0.1,csaf_security_advisory,,,https://advisories.ncsc.nl/csaf/v2/2025/ncsc-2025-0043.json
NCSC-2025-0041,1.0.1,csaf_security_advisory,,,https://advisories.ncsc.nl/csaf/v2/2025/ncsc-2025-0041.json
NCSC-2025-0044,1.0.0,csaf_security_advisory,,,https://advisories.ncsc.nl/csaf/v2/2025/ncsc-2025-0044.json
NCSC-2025-0042,1.0.0,csaf_security_advisory,,,https://advisories.ncsc.nl/csaf/v2/2025/ncsc-2025-0042.json
NCSC-2025-0040,1.0.0,csaf_security_advisory,,,https://advisories.ncsc.nl/csaf/v2/2025/ncsc-2025-0040.json
NCSC-2025-0039,1.0.0,csaf_security_advisory,,,https://advisories.ncsc.nl/csaf/v2/2025/ncsc-2025-0039.json
NCSC-2025-0038,1.0.0,csaf_security_advisory,,,https://advisories.ncsc.nl/csaf/v2/2025/ncsc-2025-0038.json
NCSC-2025-0037,1.0.0,csaf_security_advisory,,,https://advisories.ncsc.nl/csaf/v2/2025/ncsc-2025-0037.json
NCSC-2025-0036,1.0.0,csaf_security_advisory,,,https://advisories.ncsc.nl/csaf/v2/2025/ncsc-2025-0036.json
NCSC-2025-0035,1.0.0,csaf_security_advisory,,,https://advisories.ncsc.nl/csaf/v2/2025/ncsc-2025-0035.json
NCSC-2025-0034,1.0.0,csaf_security_advisory,,,https://advisories.ncsc.nl/csaf/v2/2025/ncsc-2025-0034.json
NCSC-2025-0033,1.0.0,csaf_security_advisory,,,https://advisories.ncsc.nl/csaf/v2/2025/ncsc-2025-0033.json
NCSC-2025-0009,1.0.1,csaf_security_advisory,,,https://advisories.ncsc.nl/csaf/v2/2025/ncsc-2025-0009.json
NCSC-2025-0032,1.0.0,csaf_security_advisory,,,https://advisories.ncsc.nl/csaf/v2/2025/ncsc-2025-0032.json
NCSC-2025-0031,1.0.0,csaf_security_advisory,,,https://advisories.ncsc.nl/csaf/v2/2025/ncsc-2025-0031.json
NCSC-2025-0030,1.0.0,csaf_security_advisory,,,https://advisories.ncsc.nl/csaf/v2/2025/ncsc-2025-0030.json
NCSC-2025-0029,1.0.0,csaf_security_advisory,,,https://advisories.ncsc.nl/csaf/v2/2025/ncsc-2025-0029.json
NCSC-2025-0028,1.0.0,csaf_security_advisory,,,https://advisories.ncsc.nl/csaf/v2/2025/ncsc-2025-0028.json
NCSC-2025-0027,1.0.0,csaf_security_advisory,,,https://advisories.ncsc.nl/csaf/v2/2025/ncsc-2025-0027.json
NCSC-2025-0026,1.0.0,csaf_security_advisory,,,https://advisories.ncsc.nl/csaf/v2/2025/ncsc-2025-0026.json
NCSC-2025-0025,1.0.0,csaf_security_advisory,,,https://advisories.ncsc.nl/csaf/v2/2025/ncsc-2025-0025.json
NCSC-2025-0024,1.0.0,csaf_security_advisory,,,https://advisories.ncsc.nl/csaf/v2/2025/ncsc-2025-0024.json
NCSC-2025-0023,1.0.0,csaf_security_advisory,,,https://advisories.ncsc.nl/csaf/v2/2025/ncsc-2025-0023.json
NCSC-2025-0022,1.0.0,csaf_security_advisory,,,https://advisories.ncsc.nl/csaf/v2/2025/ncsc-2025-0022.json
NCSC-2025-0021,1.0.0,csaf_security_advisory,,,https://advisories.ncsc.nl/csaf/v2/2025/ncsc-2025-0021.json
NCSC-2025-0020,1.0.0,csaf_security_advisory,,,https://advisories.ncsc.nl/csaf/v2/2025/ncsc-2025-0020.json
NCSC-2025-0005,1.0.5,csaf_security_advisory,,,https://advisories.ncsc.nl/csaf/v2/2025/ncsc-2025-0005.json
NCSC-2025-0019,1.0.0,csaf_security_advisory,,,https://advisories.ncsc.nl/csaf/v2/2025/ncsc-2025-0019.json
NCSC-2025-0018,1.0.0,csaf_security_advisory,,,https://advisories.ncsc.nl/csaf/v2/2025/ncsc-2025-0018.json
NCSC-2025-0017,1.0.0,csaf_security_advisory,,,https://advisories.ncsc.nl/csaf/v2/2025/ncsc-2025-0017.json
NCSC-2025-0016,1.0.0,csaf_security_advisory,,,https://advisories.ncsc.nl/csaf/v2/2025/ncsc-2025-0016.json
NCSC-2025-0015,1.0.0,csaf_security_advisory,,,https://advisories.ncsc.nl/csaf/v2/2025/ncsc-2025-0015.json
NCSC-2025-0014,1.0.0,csaf_security_advisory,,,https://advisories.ncsc.nl/csaf/v2/2025/ncsc-2025-0014.json
NCSC-2025-0013,1.0.0,csaf_security_advisory,,,https://advisories.ncsc.nl/csaf/v2/2025/ncsc-2025-0013.json
NCSC-2025-0012,1.0.0,csaf_security_advisory,,,https://advisories.ncsc.nl/csaf/v2/2025/ncsc-2025-0012.json
NCSC-2025-0011,1.0.0,csaf_security_advisory,,,https://advisories.ncsc.nl/csaf/v2/2025/ncsc-2025-0011.json
NCSC-2025-0010,1.0.0,csaf_security_advisory,,,https://advisories.ncsc.nl/csaf/v2/2025/ncsc-2025-0010.json
NCSC-2025-0008,1.0.0,csaf_security_advisory,,,https://advisories.ncsc.nl/csaf/v2/2025/ncsc-2025-0008.json
NCSC-2025-0007,1.0.0,csaf_security_advisory,,,https://advisories.ncsc.nl/csaf/v2/2025/ncsc-2025-0007.json
NCSC-2025-0006,1.0.0,csaf_security_advisory,,,https://advisories.ncsc.nl/csaf/v2/2025/ncsc-2025-0006.json
NCSC-2025-0003,1.0.0,csaf_security_advisory,,,https://advisories.ncsc.nl/csaf/v2/2025/ncsc-2025-0003.json
NCSC-2025-0002,1.0.0,csaf_security_advisory,,,https://advisories.ncsc.nl/csaf/v2/2025/ncsc-2025-0002.json
NCSC-2025-0001,1.0.0,csaf_security_advisory,,,https://advisories.ncsc.nl/csaf/v2/2025/ncsc-2025-0001.json
